{
  "IcoMoonType": "selection",
  "icons": [
    {
      "icon": {
        "paths": [
          "M747.932 623.208c0 43.008 12.237 60.16 44.237 60.16 71.322 0 116.736-90.88 116.736-242.023 0-231.015-168.346-341.607-378.523-341.607-216.219 0-412.878 144.998-412.878 419.022 0 261.735 172.032 404.276 436.225 404.276 89.702 0 149.914-9.83 242.023-40.55l19.763 82.278c-90.931 29.542-188.109 38.093-263.015 38.093-346.523 0-532.123-190.464-532.123-484.148 0-296.142 215.092-497.665 511.233-497.665 308.43 0 471.809 184.32 471.809 410.42 0 191.693-60.16 337.921-249.396 337.921-86.067 0-142.541-34.406-149.914-110.643-22.118 84.787-81.101 110.643-161.024 110.643-106.906 0-196.609-82.381-196.609-248.219 0-167.117 78.694-270.337 220.007-270.337 74.957 0 121.651 29.491 142.438 76.186l35.686-65.126h103.219v361.319h0.102zM596.84 461.006c0-67.533-50.432-95.846-92.211-95.846-45.466 0-95.795 36.813-95.795 144.998 0 86.016 38.093 133.939 95.795 133.939 40.55 0 92.211-25.805 92.211-97.075v-86.016z"
        ],
        "attrs": [
          {
            "strokeLinejoin": "miter",
            "strokeLinecap": "butt",
            "strokeMiterlimit": "4",
            "strokeWidth": 51.2
          }
        ],
        "isMulticolor": false,
        "isMulticolor2": false,
        "tags": [
          "email"
        ],
        "grid": 20
      },
      "attrs": [
        {
          "strokeLinejoin": "miter",
          "strokeLinecap": "butt",
          "strokeMiterlimit": "4",
          "strokeWidth": 51.2
        }
      ],
      "properties": {
        "order": 1,
        "id": 0,
        "prevSize": 20,
        "code": 59665,
        "name": "email"
      },
      "setIdx": 0,
      "setId": 9,
      "iconIdx": 0
    },
    {
      "icon": {
        "paths": [
          "M672 832v64.082c0 35.408-28.617 63.918-63.918 63.918h-480.165c-35.408 0-63.918-28.759-63.918-64.235v-735.531c0-35.488 28.776-64.235 64.273-64.235h319.727v192.061c0 35.565 28.739 63.939 64.189 63.939h159.811v64h-287.781c-53.14 0-96.219 42.952-96.219 95.961v224.078c0 52.998 42.752 95.961 96.219 95.961h287.781zM480 96v191.906c0 17.725 14.431 32.094 31.705 32.094h160.295l-192-224zM383.826 448h544.348c34.951 0 63.826 28.539 63.826 63.745v224.511c0 34.939-28.576 63.745-63.826 63.745h-544.348c-34.951 0-63.826-28.539-63.826-63.745v-224.511c0-34.939 28.576-63.745 63.826-63.745zM800 608v-64h128v-32h-160v224h32v-96h96v-32h-96zM384 576v160h32v-96h63.844c35.432 0 64.156-28.407 64.156-64 0-35.346-28.605-64-64.156-64h-95.844v64zM416 544v64h64.033c17.655 0 31.967-14.204 31.967-32 0-17.673-14.165-32-31.967-32h-64.033zM576 512v224h95.844c35.432 0 64.156-28.37 64.156-64.189v-95.621c0-35.451-28.605-64.189-64.156-64.189h-95.844zM608 544v160h64.033c17.655 0 31.967-14.199 31.967-31.994v-96.012c0-17.67-14.165-31.994-31.967-31.994h-64.033z"
        ],
        "attrs": [
          {
            "strokeLinejoin": "miter",
            "strokeLinecap": "butt",
            "strokeMiterlimit": "4",
            "strokeWidth": 32
          }
        ],
        "isMulticolor": false,
        "isMulticolor2": false,
        "tags": [
          "document-file-pdf"
        ],
        "grid": 32
      },
      "attrs": [
        {
          "strokeLinejoin": "miter",
          "strokeLinecap": "butt",
          "strokeMiterlimit": "4",
          "strokeWidth": 32
        }
      ],
      "properties": {
        "order": 1,
        "id": 0,
        "prevSize": 32,
        "code": 59663,
        "name": "pdf"
      },
      "setIdx": 1,
      "setId": 8,
      "iconIdx": 0
    },
    {
      "icon": {
        "paths": [
          "M736 0h-448c-52.8 0-96 43.2-96 96v832c0 52.8 43.2 96 96 96h448c52.8 0 96-43.2 96-96v-832c0-52.8-43.2-96-96-96zM384 48h256v32h-256v-32zM512 960c-35.346 0-64-28.654-64-64s28.654-64 64-64 64 28.654 64 64-28.654 64-64 64zM768 768h-512v-640h512v640z"
        ],
        "attrs": [
          {
            "strokeLinejoin": "miter",
            "strokeLinecap": "butt",
            "strokeMiterlimit": "4",
            "strokeWidth": 32
          }
        ],
        "isMulticolor": false,
        "isMulticolor2": false,
        "tags": [
          "mobile",
          "cell-phone",
          "handheld"
        ],
        "grid": 16
      },
      "attrs": [
        {
          "strokeLinejoin": "miter",
          "strokeLinecap": "butt",
          "strokeMiterlimit": "4",
          "strokeWidth": 32
        }
      ],
      "properties": {
        "order": 1,
        "id": 1,
        "name": "mobile, cell-phone, handheld",
        "prevSize": 32,
        "code": 59664
      },
      "setIdx": 2,
      "setId": 7,
      "iconIdx": 0
    },
    {
      "icon": {
        "paths": [
          "M736 448l-256 256-256-256h160v-384h192v384zM480 704h-480v256h960v-256h-480zM896 832h-128v-64h128v64z"
        ],
        "attrs": [
          {
            "strokeLinejoin": "miter",
            "strokeLinecap": "butt",
            "strokeMiterlimit": "4",
            "strokeWidth": 32
          }
        ],
        "isMulticolor": false,
        "isMulticolor2": false,
        "tags": [
          "download",
          "save",
          "store"
        ],
        "grid": 16
      },
      "attrs": [
        {
          "strokeLinejoin": "miter",
          "strokeLinecap": "butt",
          "strokeMiterlimit": "4",
          "strokeWidth": 32
        }
      ],
      "properties": {
        "order": 1,
        "id": 0,
        "name": "download",
        "prevSize": 32,
        "code": 59661
      },
      "setIdx": 2,
      "setId": 7,
      "iconIdx": 1
    },
    {
      "icon": {
        "paths": [
          "M1018.507 386.976c-15.666-110.681-70.803-201.626-152.796-272.022-116.174-99.897-257.78-123.499-406.914-112.308-10.173 0.814-19.532 9.562-27.874 8.342-39.267-5.493-75.686 6.104-111.495 17.090-104.984 32.35-181.891 101.322-241.3 191.453-49.033 74.669-84.638 154.017-77.11 246.59 0.814 11.19 0.61 21.973 15.259 24.008 9.766-8.138 11.597-19.125 12.614-30.925 1.424-16.683 1.628-34.181 6.511-50.050 33.367-108.646 86.062-205.492 175.99-278.736 73.652-59.613 157.272-90.945 257.373-90.538-97.049 131.84-194.302 258.798-276.905 396.131 44.557-25.025 64.903-73.448 104.374-110.884-7.731 85.249-9.156 164.19-2.035 243.131 1.628 19.939-3.866 40.895-4.069 61.648 0 9.969 12.004 20.956 4.476 27.67-13.225 12.004-8.342 25.839-7.935 38.657 0.61 18.108-5.493 23.601-23.601 23.398-54.527-0.814-108.85 0.203-163.376 0.814-16.683 0.407-33.774 1.017-50.254 10.173 10.58 12.004 22.787 11.394 33.774 13.225 57.782 9.969 116.174 5.29 174.363 5.493 188.605 1.017 376.599-13.632 565.001-20.142 32.96-1.017 65.717-3.662 103.56-3.052-20.142 32.757-34.995 65.513-57.782 91.556-47.406 54.12-108.036 91.759-172.939 122.278-54.12 25.636-112.512 30.722-170.904 39.064-25.025 3.459-47.812-4.68-71.21-5.493s-49.033-11.801-73.855-16.683c-28.687-5.493-50.661-24.211-76.907-34.384-50.989-20.059-94.577-48.683-131.088-84.495l0.062 0.060c-14.242-13.835-31.129-24.822-46.795-37.029 3.662 11.19-2.645 17.701-3.866 25.229-1.831 10.58 34.384 52.492 45.981 55.951 6.884 1.933 12.827 5.307 17.734 9.796l-0.033-0.030c81.383 78.128 180.67 113.936 291.351 123.295 13.632 1.221 29.094-3.866 40.488 8.952h22.991c13.021-14.039 13.021-14.039 34.791-12.411l-11.19 6.307 13.428 1.831c20.346-10.58 43.743-6.511 65.31-13.021 12.818-3.662 24.618-4.476 36.012-14.242 18.108-15.259 43.54-16.073 64.903-26.043 88.097-41.098 158.697-101.118 206.509-186.57 3.662-6.714 7.731-13.021 10.783-20.142 8.342-19.125 18.311-35.605 42.319-30.722 3.459-6.104 4.273-10.987 0.814-14.445-16.277-16.887-10.58-34.995-3.255-52.695 14.852-34.995 16.48-72.634 22.584-109.46 0.61-4.273-1.221-9.562 4.68-11.597v-96.642c-8.952-18.108-5.9-38.25-8.545-57.375zM492.773 56.154c63.886 73.448 112.919 154.627 168.259 234.993l-351.371 16.48zM588.398 341.808c14.649-4.069 86.673-9.359 96.642-6.918 15.87 4.069 20.142 16.887 20.549 31.332s1.017 30.519 1.628 45.778 0.814 30.519 1.424 45.574v0 8.749c-2.415-1.114-4.062-3.515-4.062-6.3 0-0.58 0.071-1.144 0.206-1.682l-0.010 0.048c-22.38-54.12-55.747-97.253-116.378-116.581zM428.684 343.232c-36.419 28.687-65.717 62.054-93.997 99.897v-93.794zM445.571 717.797h-108.646c1.424-30.925-2.848-63.275-4.273-95.828-0.553-8.435-0.868-18.287-0.868-28.212 0-8.684 0.241-17.312 0.717-25.877l-0.053 1.19c1.017-15.259-4.68-30.519 11.19-45.778 10.376-9.766 5.9-33.774 15.463-49.847 36.012-61.037 86.062-104.374 158.697-111.088 69.582-6.511 148.524 53.916 151.983 124.719 3.255 65.31-10.987 132.044-69.379 175.584-52.899 39.471-142.623 38.453-197.353 1.831-16.48-10.987-30.722-22.787-36.826-42.523-2.645-8.952-8.952-15.87-18.922-20.956-10.987 26.449 19.125 62.054 98.27 116.784zM595.316 710.879c49.033-29.705 85.859-64.292 105.594-115.36 1.831 37.436 6.714 73.245 9.766 110.884-37.843 3.866-74.058 4.476-115.36 4.476zM755.843 713.524c-1.017-1.628-2.035-3.052-2.848-4.68-0.652-1.151-1.334-2.556-1.935-4.003l-0.099-0.27c-0.29-0.618-0.568-1.361-0.787-2.129l-0.027-0.109c-0.554-1.238-0.981-2.676-1.209-4.179l-0.012-0.094c-0.33-1.135-0.615-2.514-0.798-3.924l-0.015-0.145c0-1.424-0.203-2.645-0.203-4.069 0.001-3.515 0.222-6.977 0.652-10.374l-0.042 0.405c-2.035-5.29-2.238-10.173 1.831-14.852 6.714-70.396-3.866-140.996 0.814-211.595 0.407-7.121 0-14.445 2.238-21.973 65.513 88.097 121.057 182.094 195.115 270.395-67.955 2.848-131.637-3.255-192.674 11.597zM976.188 443.537c-3.459 21.77-6.511 44.557-5.9 65.513s0 43.743-1.017 65.31c-0.814 12.818 2.645 27.263-13.021 36.419-8.545 4.883 12.411 20.753-9.766 26.246-3.866-0.407-5.086-7.324-8.342-12.004q-89.928-134.282-180.060-268.36c-5.493-8.138-7.121-16.48-7.324-25.839-0.203-12.818 2.238-25.839-3.662-42.116-30.722 9.766-44.15-9.969-58.189-30.112-50.661-73.652-104.374-145.065-159.104-215.868 34.588-5.493 125.737 10.173 177.415 30.722 13.428 5.29 26.653 11.597 40.081 16.887 45.778 18.108 84.435 45.371 114.343 84.842 15.666 20.753 33.164 40.081 50.050 60.020 29.298 34.384 42.929 76.296 49.033 119.022 4.069 30.112 20.346 58.189 15.463 89.318z"
        ],
        "attrs": [
          {
            "fill": "rgb(220, 58, 13)"
          }
        ],
        "width": 1027,
        "isMulticolor": false,
        "isMulticolor2": false,
        "grid": 0,
        "tags": [
          "Untitled-1"
        ]
      },
      "attrs": [
        {
          "fill": "rgb(220, 58, 13)"
        }
      ],
      "properties": {
        "order": 26,
        "id": 0,
        "name": "postcss",
        "prevSize": 32,
        "code": 59658
      },
      "setIdx": 3,
      "setId": 6,
      "iconIdx": 0
    },
    {
      "icon": {
        "paths": [
          "M0 12.8v998.4h1024v-998.4h-1024zM42.667 55.467h938.667v913.067h-938.667v-913.067zM355.2 578.133l-33.792 127.915c-0.725 3.541-2.133 4.352-6.315 4.352h-62.635c-4.267 0-4.907-1.408-4.267-6.315l121.173-424.32c2.133-7.68 3.499-14.421 4.181-35.541 0-2.816 1.408-4.267 3.541-4.267h89.429c2.816 0 4.267 0.768 4.949 4.267l135.893 460.544c0.725 3.541 0 5.632-3.541 5.632h-70.4c-3.541 0-5.632-0.853-6.315-3.669l-35.2-128.64h-136.832zM474.155 508.8c-11.947-47.189-40.107-150.528-50.688-200.533h-0.725c-9.131 49.92-31.659 134.4-49.28 200.533h100.693zM666.155 271.659c0-27.435 18.987-43.648 43.648-43.648 26.027 0 43.648 17.579 43.648 43.648 0 28.16-18.347 43.648-44.373 43.648-25.6 0-43.093-15.488-43.093-43.648zM670.933 368.683c0-3.413 1.408-4.693 4.949-4.693h66.987c3.755 0 5.12 1.408 5.12 4.949v336.853c0 3.541-0.683 4.949-4.907 4.949h-66.133c-4.267 0-5.675-2.133-5.675-5.547v-336.555z"
        ],
        "attrs": [
          {
            "fill": "rgb(255, 124, 0)"
          }
        ],
        "isMulticolor": false,
        "isMulticolor2": false,
        "tags": [
          "adobeillustrator"
        ],
        "grid": 0
      },
      "attrs": [
        {
          "fill": "rgb(255, 124, 0)"
        }
      ],
      "properties": {
        "id": 0,
        "order": 11,
        "prevSize": 32,
        "code": 59648,
        "name": "adobeillustrator"
      },
      "setIdx": 5,
      "setId": 4,
      "iconIdx": 0
    },
    {
      "icon": {
        "paths": [
          "M0 12.8v998.4h1024v-998.4h-1024zM42.667 55.467h938.667v913.067h-938.667v-913.067zM247.467 246.613c0-2.859 5.973-4.949 9.557-4.949 27.477-1.408 67.755-2.133 109.995-2.133 118.272 0 164.267 64.853 164.267 147.883 0 108.373-78.592 154.88-175.019 154.88-16.213 0-21.76-0.725-33.067-0.725v163.925c0 3.541-1.408 4.949-4.907 4.949h-65.877c-3.541 0-4.907-1.28-4.907-4.821v-459.008zM323.2 473.259c9.813 0.683 17.579 0.683 34.56 0.683 49.92 0 96.853-17.579 96.853-85.163 0-54.187-33.536-81.664-90.539-81.664-16.896 0-33.067 0.683-40.832 1.408v164.864zM690.432 422.571c-33.792 0-45.056 16.896-45.056 30.976 0 15.488 7.68 26.027 52.779 49.28 66.901 32.427 87.979 63.36 87.979 109.099 0 68.267-52.053 104.96-122.453 104.96-37.376 0-69.12-7.808-87.467-18.347-2.773-1.408-3.413-3.499-3.413-7.040v-62.592c0-4.267 2.048-5.675 4.864-3.584 26.624 17.621 57.685 25.344 85.845 25.344 33.792 0 47.872-14.080 47.872-33.109 0-15.488-9.813-28.885-52.779-51.413-60.587-29.013-85.931-58.453-85.931-107.819 0-54.912 42.923-100.693 117.547-100.693 36.693 0 62.464 5.632 76.544 11.947 3.499 2.133 4.267 5.632 4.267 8.448v58.453c0 3.541-2.133 5.675-6.4 4.267-18.944-11.264-46.933-18.347-74.368-18.347z"
        ],
        "attrs": [
          {
            "fill": "rgb(0, 200, 255)"
          }
        ],
        "isMulticolor": false,
        "isMulticolor2": false,
        "tags": [
          "adobephotoshop"
        ],
        "grid": 0
      },
      "attrs": [
        {
          "fill": "rgb(0, 200, 255)"
        }
      ],
      "properties": {
        "id": 1,
        "order": 10,
        "prevSize": 32,
        "code": 59649,
        "name": "adobephotoshop"
      },
      "setIdx": 5,
      "setId": 4,
      "iconIdx": 1
    },
    {
      "icon": {
        "paths": [
          "M64 0h896l-81.493 920.021-367.488 103.979-365.44-104.021-81.579-919.979zM793.173 188.288l-562.347-0.128 9.088 111.872 432 0.085-10.88 115.883h-283.307l10.24 109.781h263.765l-15.616 150.315-124.16 34.304-126.123-34.56-8.021-90.027h-111.36l12.373 164.48 233.173 72.661 229.248-65.28 51.925-569.344z"
        ],
        "attrs": [
          {
            "fill": "rgb(21, 114, 182)"
          }
        ],
        "isMulticolor": false,
        "isMulticolor2": false,
        "tags": [
          "css3"
        ],
        "grid": 0
      },
      "attrs": [
        {
          "fill": "rgb(21, 114, 182)"
        }
      ],
      "properties": {
        "id": 2,
        "order": 4,
        "prevSize": 32,
        "code": 59650,
        "name": "css3"
      },
      "setIdx": 5,
      "setId": 4,
      "iconIdx": 2
    },
    {
      "icon": {
        "paths": [
          "M1004.629 466.347l-447.104-447.061c-25.771-25.728-67.499-25.728-93.355 0l-92.629 92.8 117.76 117.76c27.52-9.173 58.837-2.987 80.597 18.816 22.016 21.973 28.075 53.675 18.688 81.067l113.408 113.493c27.52-9.515 59.179-3.328 81.067 18.56 30.763 30.72 30.763 80.384 0 111.104-30.677 30.677-80.256 30.677-110.933 0-22.997-23.083-28.757-57.045-17.237-85.163l-106.197-105.643v278.4c7.509 3.669 14.592 8.661 20.821 14.848 30.421 30.763 30.421 80.341 0 110.933-30.677 30.763-80.597 30.763-111.317 0-30.677-30.677-30.677-80.171 0-110.848 7.765-7.68 16.512-13.483 25.813-17.323v-281.131c-9.259-3.883-18.091-9.472-25.6-17.109-23.253-23.253-28.843-57.259-16.896-85.717l-115.712-116.267-306.603 306.389c-25.6 25.813-25.6 67.584 0 93.397l447.147 447.019c25.771 25.771 67.499 25.771 93.269 0l445.013-445.013c25.813-25.728 25.813-67.499 0-93.312z"
        ],
        "attrs": [
          {
            "fill": "rgb(241, 78, 50)"
          }
        ],
        "isMulticolor": false,
        "isMulticolor2": false,
        "tags": [
          "git"
        ],
        "grid": 0
      },
      "attrs": [
        {
          "fill": "rgb(241, 78, 50)"
        }
      ],
      "properties": {
        "id": 3,
        "order": 13,
        "prevSize": 32,
        "code": 59651,
        "name": "git"
      },
      "setIdx": 5,
      "setId": 4,
      "iconIdx": 3
    },
    {
      "icon": {
        "paths": [
          "M512 12.672c-282.88 0-512 229.248-512 512 0 226.261 146.688 418.133 350.080 485.76 25.6 4.821 34.987-11.008 34.987-24.619 0-12.16-0.427-44.373-0.64-87.040-142.421 30.891-172.459-68.693-172.459-68.693-23.296-59.093-56.96-74.88-56.96-74.88-46.379-31.744 3.584-31.104 3.584-31.104 51.413 3.584 78.421 52.736 78.421 52.736 45.653 78.293 119.851 55.68 149.12 42.581 4.608-33.109 17.792-55.68 32.427-68.48-113.707-12.8-233.216-56.832-233.216-253.013 0-55.893 19.84-101.547 52.693-137.387-5.76-12.928-23.040-64.981 4.48-135.509 0 0 42.88-13.739 140.8 52.48 40.96-11.392 84.48-17.024 128-17.28 43.52 0.256 87.040 5.888 128 17.28 97.28-66.219 140.16-52.48 140.16-52.48 27.52 70.528 10.24 122.581 5.12 135.509 32.64 35.84 52.48 81.493 52.48 137.387 0 196.693-119.68 240-233.6 252.587 17.92 15.36 34.56 46.763 34.56 94.72 0 68.523-0.64 123.563-0.64 140.203 0 13.44 8.96 29.44 35.2 24.32 204.843-67.157 351.403-259.157 351.403-485.077 0-282.752-229.248-512-512-512z"
        ],
        "attrs": [],
        "isMulticolor": false,
        "isMulticolor2": false,
        "tags": [
          "github"
        ],
        "grid": 0
      },
      "attrs": [],
      "properties": {
        "id": 4,
        "order": 12,
        "prevSize": 32,
        "code": 59652,
        "name": "github"
      },
      "setIdx": 5,
      "setId": 4,
      "iconIdx": 4
    },
    {
      "icon": {
        "paths": [
          "M646.656 829.099l27.136-46.251s-61.611 25.216-164.693 25.216c-103.168 0-163.84-24.235-163.84-24.235l30.336 50.475 10.752 159.104c0 17.195 56.064 30.635 125.269 30.635 69.248 0 125.355-13.397 125.355-30.635l9.771-163.627v-0.683zM672.896 528.469c-32.811 1.963-49.195 38.528-65.664 77.013-6.101 14.080-26.88 74.112-40.448 66.688-13.568-7.381 17.621-56.704 26.411-86.059-10.112 7.424-47.147 36.224-56.704 9.173-15.275 13.397-48.171 20.48-44.459-14.037-8.149 14.72-26.496 35.115-48.597 26.197-28.715-10.88 16.853-102.869 28.16-98.432 11.349 5.163-2.261 25.6-5.803 33.877-7.936 17.877-16.981 40.875-10.88 45.355 10.24 8.277 38.571-29.995 39.211-30.677 5.291-7.040 20.437-52.437 32.555-47.232 12.16 5.717-30.336 65.749-14.507 77.909 3.243 2.56 16.341-1.28 24.277-10.197 5.12-5.12 3.328-17.92 20.437-58.795 17.237-40.917 32.597-91.989 44.331-88.149s2.091 29.995-2.176 40.235c-19.797 45.995-54.101 121.344-37.973 115.627 15.957-5.76 24.277-5.76 40.235-24.277s14.72-49.152 25.557-48.512c10.24 0.597 8.96 10.837 6.4 17.835 10.24-11.52 49.152-37.035 58.155-12.117 10.837 29.355-55.637 72.192-38.997 69.632 16-1.92 42.155-18.517 53.675-33.835l30.677-277.333s-31.317 25.6-228.736 25.6-225.451-24.917-225.451-24.917l26.155 253.013c14.080-39.595 47.275-120.064 99.072-116.907 23.637 1.28 55.595 47.317 28.075 48.597-11.52 0.64-12.8-22.997-26.197-26.197-10.197-1.963-23.637 5.76-32.555 14.72-17.237 17.237-55.637 85.589-50.517 119.509 6.4 43.435 60.032-14.763 68.992-32 6.357-12.075 10.837-48.555 24.235-44.715 14.080 3.84-1.237 41.557-11.52 74.112-11.52 37.077-17.237 75.989-31.232 71.509-14.080-4.437 8.917-52.352 7.595-60.672-13.355 12.757-37.675 43.52-69.589 28.117l15.957 157.824s43.477 33.835 173.781 33.835 175.701-33.835 175.701-33.835l20.437-182.741c-16.597 16.64-68.992 45.355-72.192 12.8-2.517-26.197 56.875-63.915 41.557-64.597l2.56-2.944zM740.096 28.544l-113.451 119.467-20.736 81.109c80.256 5.12 136.064 16.469 136.064 29.611 0 17.877-102.997 32.299-230.016 32.299s-229.973-14.635-229.973-32.555c0-17.877 102.997-32.597 230.016-32.597 18.048 0 36.011 0 53.931 0.683l23.936-97.109 120.533-127.787c2.901-3.84 11.947-0.64 20.224 6.4 8.277 6.357 12.757 14.677 10.197 18.517v1.28l-0.725 0.683zM576.512 275.797s-22.315 0-26.027-3.413c-0.939-1.067-1.536-2.475-1.536-3.84 0-2.475 1.664-3.883 3.84-4.693l1.877 3.2c-0.896 0.256-1.237 0.64-1.408 0.981 0 1.749 13.397 2.944 23.68 2.816 10.197-0.128 22.656-0.981 22.741-2.731 0-0.512-0.981-0.981-2.603-1.408l1.92-3.072c2.688 0.853 4.992 2.475 4.992 5.163 0 4.693-6.016 5.461-9.813 6.016-4.565 0.64-17.579 0.981-17.579 0.981h-0.085z"
        ],
        "attrs": [
          {
            "fill": "rgb(218, 70, 72)"
          }
        ],
        "isMulticolor": false,
        "isMulticolor2": false,
        "tags": [
          "gulp"
        ],
        "grid": 0
      },
      "attrs": [
        {
          "fill": "rgb(218, 70, 72)"
        }
      ],
      "properties": {
        "id": 5,
        "order": 9,
        "prevSize": 32,
        "code": 59653,
        "name": "gulp"
      },
      "setIdx": 5,
      "setId": 4,
      "iconIdx": 5
    },
    {
      "icon": {
        "paths": [
          "M64 0h896l-81.493 920.021-367.488 103.979-365.397-104.021-81.621-919.979zM363.989 416l-9.899-115.968 429.184 0.128 9.813-111.872-562.176-0.128 29.781 341.76h389.376l-13.909 146.176-124.16 34.304-126.080-34.56-8.021-90.027h-111.317l14.080 177.963 231.339 61.867 229.504-61.568 31.744-348.032h-409.259z"
        ],
        "attrs": [
          {
            "fill": "rgb(227, 79, 38)"
          }
        ],
        "isMulticolor": false,
        "isMulticolor2": false,
        "tags": [
          "html5"
        ],
        "grid": 0
      },
      "attrs": [
        {
          "fill": "rgb(227, 79, 38)"
        }
      ],
      "properties": {
        "id": 6,
        "order": 7,
        "prevSize": 32,
        "code": 59654,
        "name": "html52"
      },
      "setIdx": 5,
      "setId": 4,
      "iconIdx": 6
    },
    {
      "icon": {
        "paths": [
          "M872.405 872.619h-151.637v-237.611c0-56.661-1.152-129.579-79.019-129.579-79.061 0-91.136 61.653-91.136 125.397v241.792h-151.637v-488.619h145.664v66.603h1.963c20.352-38.4 69.845-78.933 143.787-78.933 153.643 0 182.059 101.12 182.059 232.747v268.203zM227.712 317.141c-48.811 0-88.021-39.509-88.021-88.107 0-48.555 39.253-88.021 88.021-88.021 48.64 0 88.064 39.467 88.064 88.021 0 48.597-39.467 88.107-88.064 88.107zM303.744 872.619h-152.064v-488.619h152.064v488.619zM948.267 0h-872.704c-41.771 0-75.563 33.024-75.563 73.771v876.459c0 40.789 33.792 73.771 75.563 73.771h872.576c41.728 0 75.861-32.981 75.861-73.771v-876.459c0-40.747-34.133-73.771-75.861-73.771h0.128z"
        ],
        "attrs": [
          {
            "fill": "rgb(0, 119, 181)"
          }
        ],
        "isMulticolor": false,
        "isMulticolor2": false,
        "tags": [
          "linkedin"
        ],
        "grid": 0
      },
      "attrs": [
        {
          "fill": "rgb(0, 119, 181)"
        }
      ],
      "properties": {
        "id": 7,
        "order": 8,
        "prevSize": 32,
        "code": 59655,
        "name": "linkedin"
      },
      "setIdx": 5,
      "setId": 4,
      "iconIdx": 7
    },
    {
      "icon": {
        "paths": [
          "M487.893 6.528l-399.787 231.68c-14.933 8.661-24.064 24.661-24.021 41.941v463.531c0 17.237 9.173 33.28 24.064 41.899l399.787 231.893c14.933 8.661 33.28 8.661 48.213 0l399.616-231.808c14.933-8.747 24.064-24.661 24.107-41.899v-463.616c0-17.237-9.216-33.28-24.149-41.984l-399.531-231.68c-14.933-8.661-33.365-8.661-48.213 0z"
        ],
        "attrs": [
          {
            "fill": "rgb(51, 153, 51)"
          }
        ],
        "isMulticolor": false,
        "isMulticolor2": false,
        "tags": [
          "nodejs"
        ],
        "grid": 0
      },
      "attrs": [
        {
          "fill": "rgb(51, 153, 51)"
        }
      ],
      "properties": {
        "id": 8,
        "order": 36,
        "prevSize": 32,
        "code": 59656,
        "name": "nodejs2"
      },
      "setIdx": 5,
      "setId": 4,
      "iconIdx": 8
    },
    {
      "icon": {
        "paths": [
          "M0 312.917v341.333h284.416v56.832h227.584v-56.832h512v-341.333h-1024zM284.416 597.248h-56.832v-170.667h-56.96v170.667h-113.664v-227.456h227.456v227.456zM455.083 597.248v57.003h-113.707v-284.459h227.584v227.499l-113.877-0.043zM967.125 597.248h-56.747v-170.667h-57.003v170.667h-56.96v-170.667h-56.747v170.667h-113.963v-227.456h341.419v227.456z",
          "M455.040 426.667h56.96v113.792h-56.96v-113.792z"
        ],
        "attrs": [
          {
            "fill": "rgb(203, 56, 55)"
          },
          {
            "fill": "rgb(203, 56, 55)"
          }
        ],
        "isMulticolor": false,
        "isMulticolor2": false,
        "tags": [
          "npm"
        ],
        "grid": 0
      },
      "attrs": [
        {
          "fill": "rgb(203, 56, 55)"
        },
        {
          "fill": "rgb(203, 56, 55)"
        }
      ],
      "properties": {
        "id": 9,
        "order": 5,
        "prevSize": 32,
        "code": 59657,
        "name": "npm"
      },
      "setIdx": 5,
      "setId": 4,
      "iconIdx": 9
    },
    {
      "icon": {
        "paths": [
          "M874.496 385.109c-93.141-39.68-218.283-65.28-352-72.32-21.333-1.28-42.112-1.707-61.867-1.707 98.901-120.747 204.885-201.813 274.645-204.373 13.739-0.555 25.387 2.347 34.688 8.363 30.123 19.541 38.613 75.435 23.253 153.173-1.707 10.667 5.12 21.035 15.36 23.040 10.667 2.133 20.907-4.693 23.040-15.36 19.2-97.28 5.12-164.096-40.107-193.621-16.213-10.581-35.84-15.573-57.6-14.763-87.467 3.285-210.773 98.133-323.84 244.053-49.237 1.493-95.573 5.547-137.899 12.245-27.563-123.605-16.64-212.352 25.344-233.685 5.888-3.115 12.16-4.693 19.499-5.291 29.739-2.304 70.827 16.853 115.627 54.187 8.277 6.827 20.736 5.973 27.563-2.56 6.955-8.32 5.717-20.48-2.56-27.52-53.76-44.544-103.339-66.304-143.872-63.317-12.203 1.067-23.723 4.181-34.261 9.387-50.773 25.899-71.253 99.285-58.453 206.421 2.987 22.187 6.827 45.312 12.373 69.12-139.989 27.989-229.163 84.053-233.003 154.624-2.56 49.92 36.907 97.451 114.347 137.472 9.557 4.907 21.419 1.28 26.453-8.533 4.864-9.557 1.28-21.333-8.533-26.283-61.867-31.829-95.147-67.755-93.141-100.608 2.133-46.080 75.605-93.44 203.093-118.613 11.52 42.411 26.453 86.699 44.8 131.84-43.435 80.555-74.923 159.872-91.179 230.4-23.893 105.173-11.093 180.053 36.693 211.115 15.36 9.984 33.28 14.933 53.205 14.933 39.893 0 88.192-19.627 142.805-58.539 8.96-6.4 10.923-18.56 4.693-27.307-6.272-8.789-18.475-10.923-27.307-4.523-65.877 47.061-121.344 62.805-151.979 42.795-32.427-21.12-39.509-82.901-19.627-169.643 13.653-59.136 38.699-125.013 72.875-192.853 8.533 18.688 17.493 37.376 26.88 56.021 60.8 119.296 135.253 223.019 209.493 292.053 59.136 55.040 114.091 83.755 159.36 83.755 14.933 0 29.013-3.2 41.643-9.515 48.853-24.96 69.973-94.293 59.648-195.2-9.557-94.421-45.227-209.493-100.437-324.267-4.693-9.685-16.384-13.781-26.027-9.216-9.813 4.693-14.080 16.427-9.387 26.112 114.773 239.019 122.88 434.773 58.453 467.627-67.84 34.688-231.424-100.48-357.973-349.013-14.507-27.947-27.179-55.467-38.4-82.347 14.507-25.941 29.867-52.053 46.72-78.080 16.853-25.771 34.389-50.688 52.224-74.453h16.811c23.040 0 48.043 0.427 73.984 2.048 278.613 14.635 468.267 109.227 464.384 184.917-1.707 32.64-39.424 65.621-103.467 90.453-9.984 4.096-15.019 15.36-11.093 25.429 2.987 7.68 10.24 12.459 18.176 12.459 2.475 0 4.864-0.427 7.125-1.28 81.28-31.573 125.867-74.923 128.427-125.013 2.987-56.747-49.92-111.36-149.333-153.6v-0.427zM344.747 403.2c-11.52 17.707-22.187 35.285-32.597 53.077-12.459-32.768-22.699-64.427-30.848-94.507 30.421-4.693 63.36-8.107 98.56-10.24-11.947 16.64-23.637 33.877-34.987 51.627v-0.427z",
          "M570.88 512c0 32.401-26.266 58.667-58.667 58.667s-58.667-26.266-58.667-58.667c0-32.401 26.266-58.667 58.667-58.667s58.667 26.266 58.667 58.667z"
        ],
        "attrs": [
          {
            "fill": "rgb(102, 89, 92)"
          },
          {
            "fill": "rgb(102, 89, 92)"
          }
        ],
        "isMulticolor": false,
        "isMulticolor2": false,
        "tags": [
          "atom"
        ],
        "grid": 0
      },
      "attrs": [
        {
          "fill": "rgb(102, 89, 92)"
        },
        {
          "fill": "rgb(102, 89, 92)"
        }
      ],
      "properties": {
        "id": 26,
        "order": 27,
        "prevSize": 32,
        "code": 59662,
        "name": "atom"
      },
      "setIdx": 7,
      "setId": 2,
      "iconIdx": 25
    },
    {
      "icon": {
        "paths": [
          "M967.509 0h-911.019c-31.189 0-56.491 25.301-56.491 56.491v911.019c0 31.232 25.301 56.491 56.491 56.491h490.411v-396.544h-133.504v-154.496h133.504v-114.133c0-132.224 80.811-204.16 198.784-204.16 56.533 0 105.131 4.139 119.296 6.016v138.24h-81.963c-64 0-76.459 30.763-76.459 75.563v98.603h152.917l-19.84 154.88h-133.077v396.032h260.907c31.275 0 56.533-25.259 56.533-56.491v-911.019c0-31.189-25.259-56.491-56.491-56.491z"
        ],
        "attrs": [
          {
            "fill": "rgb(59, 89, 152)"
          }
        ],
        "isMulticolor": false,
        "isMulticolor2": false,
        "tags": [
          "facebook"
        ],
        "grid": 0
      },
      "attrs": [
        {
          "fill": "rgb(59, 89, 152)"
        }
      ],
      "properties": {
        "id": 90,
        "order": 38,
        "prevSize": 32,
        "code": 59666,
        "name": "facebook"
      },
      "setIdx": 7,
      "setId": 2,
      "iconIdx": 89
    },
    {
      "icon": {
        "paths": [
          "M1024 192v640c0 36.267-27.733 64-64 64h-64v-580.821l-384 275.755-384-275.755v580.821h-64c-36.309 0-64-27.733-64-64v-640c0-18.133 6.912-34.133 18.389-45.568 11.477-11.605 27.52-18.432 45.611-18.432h21.333l426.667 309.333 426.667-309.333h21.333c18.133 0 34.133 6.912 45.611 18.432 11.52 11.435 18.389 27.435 18.389 45.568z"
        ],
        "attrs": [
          {
            "fill": "rgb(209, 72, 54)"
          }
        ],
        "isMulticolor": false,
        "isMulticolor2": false,
        "tags": [
          "gmail"
        ],
        "grid": 0
      },
      "attrs": [
        {
          "fill": "rgb(209, 72, 54)"
        }
      ],
      "properties": {
        "id": 112,
        "order": 40,
        "prevSize": 32,
        "code": 59668,
        "name": "gmail"
      },
      "setIdx": 7,
      "setId": 2,
      "iconIdx": 111
    },
    {
      "icon": {
        "paths": [
          "M0 0h1024v1024h-1024v-1024zM940.117 779.776c-7.467-46.72-37.888-85.973-128.128-122.581-31.403-14.72-66.304-24.96-76.672-48.64-3.883-14.080-4.48-21.76-1.963-30.080 6.4-27.563 39.040-35.84 64.64-28.16 16.64 5.12 32 17.92 41.643 38.4 44.117-28.843 44.117-28.843 74.88-48-11.52-17.92-17.237-25.643-25.003-33.28-26.88-30.080-62.677-45.44-120.917-44.117l-30.080 3.797c-28.843 7.040-56.32 22.4-72.96 42.88-48.64 55.083-34.603 151.083 24.277 190.763 58.24 43.52 143.403 53.077 154.283 94.080 10.24 49.92-37.12 65.92-83.883 60.16-34.603-7.68-53.76-25.003-74.88-57.003l-78.080 44.843c8.96 20.48 19.2 29.397 34.56 47.317 74.24 74.923 259.84 71.083 293.163-42.837 1.237-3.84 10.24-30.080 3.157-70.4l1.963 2.859zM556.843 470.656h-95.915c0 82.688-0.384 164.864-0.384 247.68 0 52.565 2.688 100.821-5.888 115.669-14.080 29.397-50.347 25.643-66.816 20.48-16.896-8.363-25.472-19.883-35.413-36.48-2.688-4.48-4.693-8.363-5.419-8.363l-77.867 48c13.013 26.88 32 50.005 56.491 64.725 36.48 21.76 85.504 28.8 136.832 17.28 33.408-9.643 62.208-29.483 77.269-60.203 21.76-39.68 17.152-88.32 16.939-142.763 0.512-87.637 0-175.317 0-263.637l0.171-2.389z"
        ],
        "attrs": [
          {
            "fill": "rgb(247, 223, 30)"
          }
        ],
        "isMulticolor": false,
        "isMulticolor2": false,
        "tags": [
          "javascript"
        ],
        "grid": 0
      },
      "attrs": [
        {
          "fill": "rgb(247, 223, 30)"
        }
      ],
      "properties": {
        "id": 157,
        "order": 15,
        "prevSize": 32,
        "code": 59659,
        "name": "javascript"
      },
      "setIdx": 7,
      "setId": 2,
      "iconIdx": 156
    },
    {
      "icon": {
        "paths": [
          "M65.451 250.624c-90.581 130.133-79.36 299.392-10.112 437.589 1.579 3.371 3.328 6.571 5.035 9.771 0.981 2.219 2.091 4.267 3.285 6.357 0.555 1.195 1.323 2.432 2.005 3.541 1.109 2.219 2.304 4.352 3.456 6.485l6.699 11.307c1.237 2.091 2.432 4.139 3.84 6.229 2.347 4.011 5.12 7.979 7.552 11.989 1.109 1.664 2.133 3.328 3.371 4.992 4.744 7.429 9.1 13.604 13.699 19.583l-0.472-0.639c3.328 4.565 6.656 9.003 10.24 13.44 1.152 1.621 2.432 3.243 3.627 4.864l9.429 11.477c1.152 1.323 2.304 2.859 3.541 4.224 4.181 5.035 8.619 9.941 13.056 14.891 0 0.085 0.128 0.171 0.213 0.299 5.515 6.937 11.444 13.083 17.91 18.622l0.181 0.151c3.413 3.499 6.827 6.997 10.453 10.411l4.309 4.139c4.736 4.437 9.472 8.875 14.464 13.141 0.085 0 0.128 0.085 0.213 0.128l2.432 2.133c4.352 3.797 8.747 7.595 13.227 11.093l5.333 4.48c3.627 2.901 7.381 5.675 11.093 8.533l5.803 4.437c3.968 2.987 8.192 5.931 12.245 8.832 1.493 1.067 2.987 2.133 4.523 3.115l1.237 0.981 11.989 7.893 5.12 3.413c6.272 4.011 12.501 7.808 18.688 11.563 1.792 0.896 3.584 1.877 5.248 2.901 4.608 2.645 9.387 5.333 14.037 7.808 2.56 1.451 5.205 2.688 7.851 4.011 3.2 1.792 6.528 3.541 9.941 5.333 0.922 0.284 1.714 0.617 2.464 1.018l-0.074-0.036c1.408 0.64 2.731 1.323 4.096 2.005 5.12 2.56 10.453 4.992 16 7.424 1.024 0.427 2.133 0.853 3.243 1.451 6.144 2.688 12.288 5.248 18.645 7.765 1.451 0.427 2.987 1.152 4.48 1.707 5.76 2.176 11.691 4.395 17.536 6.485l2.133 0.768c6.528 2.219 12.971 4.352 19.584 6.4 1.536 0.427 3.115 0.981 4.736 1.408 6.784 2.048 13.355 4.48 20.181 5.803 437.76 79.787 564.992-263.211 564.992-263.211-106.88 139.179-296.533 175.872-476.16 135.040-6.656-1.536-13.312-3.669-20.011-5.632-12.213-3.523-20.264-6.157-28.234-8.962l4.042 1.239-2.645-1.024c-5.803-1.963-11.392-4.139-17.067-6.315-1.075-0.477-2.629-1.069-4.209-1.606l-0.485-0.143c-6.272-2.517-12.373-5.12-18.432-7.808-1.323-0.427-2.432-1.024-3.755-1.536-11.195-4.964-16.254-7.391-21.289-9.86l5.886 2.607c-1.579-0.683-2.987-1.408-4.523-2.219-4.011-1.877-8.021-4.011-11.947-6.059-3.648-1.737-6.263-3.103-8.837-4.534l0.858 0.438c-4.821-2.56-9.643-5.333-14.464-7.979-1.451-1.024-3.115-1.877-4.779-2.816-9.234-5.41-15.333-9.205-21.366-13.094l2.678 1.616c-2.051-1.276-3.692-2.387-5.294-3.55l0.259 0.179c-5.51-3.395-9.851-6.294-14.095-9.32l0.783 0.53c-1.493-0.981-2.859-2.048-4.395-3.115-5.455-3.768-9.54-6.741-13.566-9.786l1.022 0.741c-1.792-1.451-3.712-2.816-5.632-4.267-3.755-2.944-7.552-5.76-11.307-8.875l-5.035-4.011c-5.554-4.486-10.192-8.408-14.749-12.42l0.498 0.43c-0.472-0.462-0.988-0.883-1.54-1.255l-0.039-0.025-14.805-13.483-4.267-4.011c-3.499-3.541-7.083-6.955-10.667-10.453l-4.139-4.267c-4.421-4.399-8.721-8.889-12.913-13.48l-0.271-0.301-0.64-0.683c-4.523-4.949-8.917-9.984-13.355-15.104-1.152-1.323-2.219-2.731-3.413-4.139l-9.643-11.819c-3.354-4.199-8.113-10.421-12.792-16.705l-1.715-2.409c-99.627-136.021-135.68-323.755-55.936-477.739z",
          "M346.496 141.013c-65.664 94.251-61.952 220.288-10.837 319.957 9.468 18.681 19.064 34.49 29.699 49.509l-0.814-1.211c9.813 14.080 20.651 30.72 33.792 42.069 4.565 5.205 9.515 10.24 14.677 15.317l3.84 3.84c4.864 4.693 9.856 9.301 14.933 13.867l0.64 0.555c5.135 4.509 10.885 9.285 16.762 13.908l0.902 0.684c1.451 0.981 2.688 2.133 4.096 3.115 5.973 4.608 11.989 9.045 18.219 13.44l0.64 0.384c2.645 1.92 5.461 3.669 8.448 5.547 1.195 0.768 2.56 1.792 3.84 2.56 4.523 2.901 8.96 5.632 13.525 8.405 0.725 0.299 1.365 0.683 2.048 0.981 3.84 2.347 8.021 4.608 12.032 6.699 1.408 0.853 2.773 1.493 4.224 2.304 2.859 1.408 5.675 2.901 8.405 4.352l1.365 0.597c5.76 2.816 11.648 5.461 17.408 8.107 1.451 0.555 2.688 1.024 3.925 1.621 4.736 2.048 9.557 4.011 14.293 5.845 2.133 0.725 4.139 1.579 6.144 2.219 4.352 1.621 8.917 3.115 13.227 4.608l5.973 1.92c6.229 1.92 12.544 4.437 19.115 5.504 337.92 56.021 416.171-204.245 416.171-204.245-70.443 101.376-206.763 149.675-352.043 111.957-8.85-2.258-15.233-4.159-21.535-6.238l2.421 0.692c-2.048-0.555-3.84-1.195-5.803-1.792-4.437-1.536-9.003-3.029-13.312-4.651l-6.144-2.304c-4.779-1.92-9.643-3.712-14.293-5.76-1.451-0.64-2.773-1.067-3.883-1.707-5.973-2.688-11.989-5.333-17.792-8.192l-8.789-4.565-5.077-2.56c-3.925-2.048-7.552-4.181-11.307-6.4-1.052-0.503-1.919-0.986-2.754-1.515l0.108 0.064c-4.523-2.816-9.216-5.547-13.525-8.448-1.451-0.811-2.773-1.792-4.139-2.645l-8.875-5.803c-6.144-4.267-12.16-8.875-18.219-13.312-1.365-1.237-2.688-2.261-4.011-3.371-63.872-50.219-114.261-118.869-138.155-196.608-25.173-80.811-19.627-171.435 23.851-244.992z",
          "M582.827 59.051c-38.741 56.832-42.453 127.403-15.787 190.080 28.331 66.56 86.272 118.827 153.771 143.573 2.773 1.067 5.461 1.963 8.32 2.987l3.755 1.152c3.925 1.237 7.893 2.688 11.947 3.584 186.709 36.011 237.227-95.872 250.837-115.243-44.459 63.829-118.997 79.147-210.432 56.917-8.94-2.239-16.282-4.577-23.435-7.301l1.419 0.474c-10.798-3.798-19.492-7.456-27.941-11.542l1.615 0.704c-17.602-8.611-32.708-17.983-46.768-28.661l0.688 0.501c-81.92-62.037-132.651-180.48-79.232-276.949z"
        ],
        "attrs": [
          {
            "fill": "rgb(7, 105, 173)"
          },
          {
            "fill": "rgb(7, 105, 173)"
          },
          {
            "fill": "rgb(7, 105, 173)"
          }
        ],
        "isMulticolor": false,
        "isMulticolor2": false,
        "tags": [
          "jquery"
        ],
        "grid": 0
      },
      "attrs": [
        {
          "fill": "rgb(7, 105, 173)"
        },
        {
          "fill": "rgb(7, 105, 173)"
        },
        {
          "fill": "rgb(7, 105, 173)"
        }
      ],
      "properties": {
        "id": 162,
        "order": 37,
        "prevSize": 32,
        "code": 59660,
        "name": "jquery"
      },
      "setIdx": 7,
      "setId": 2,
      "iconIdx": 161
    },
    {
      "icon": {
        "paths": [
          "M512.725 0c-282.496 0-511.488 228.992-511.488 511.445 0 216.704 134.741 401.792 325.035 476.245-4.48-40.491-8.491-102.528 1.749-146.731 9.344-39.979 59.989-254.165 59.989-254.165s-15.317-30.72-15.317-75.989c0-70.955 41.259-124.203 92.501-124.203 43.691 0 64.768 32.811 64.768 72.021 0 43.904-27.861 109.525-42.325 170.325-12.16 50.901 25.6 92.373 75.733 92.373 90.795 0 160.768-95.787 160.768-234.112 0-122.069-88.021-207.744-213.675-207.744-145.493 0-230.784 109.312-230.784 221.824 0 44.075 16.811 91.435 37.931 116.949 4.224 5.12 4.779 9.6 3.627 14.72-3.84 16-12.501 51.157-14.251 58.155-2.261 9.6-7.339 11.563-17.109 7.040-63.787-29.44-103.808-122.795-103.808-198.229 0-161.109 117.248-309.419 337.92-309.419 177.408 0 315.392 126.592 315.392 295.381 0 176.427-111.232 318.379-265.941 318.379-51.797 0-100.437-26.837-117.675-58.837l-31.957 121.515c-11.477 44.587-42.837 100.352-63.915 134.229 47.915 14.72 98.389 22.827 151.467 22.827 281.899 0 511.36-228.907 511.36-511.445-0-282.581-229.461-511.445-511.36-511.445l1.365-1.109z"
        ],
        "attrs": [
          {
            "fill": "rgb(189, 8, 28)"
          }
        ],
        "isMulticolor": false,
        "isMulticolor2": false,
        "tags": [
          "pinterest"
        ],
        "grid": 0
      },
      "attrs": [
        {
          "fill": "rgb(189, 8, 28)"
        }
      ],
      "properties": {
        "id": 247,
        "order": 39,
        "prevSize": 32,
        "code": 59667,
        "name": "pinterest"
      },
      "setIdx": 7,
      "setId": 2,
      "iconIdx": 246
    },
    {
      "icon": {
        "paths": [
          "M669.143 172l-303.429 303.429 303.429 303.429c14.286 14.286 14.286 37.143 0 51.429l-94.857 94.857c-14.286 14.286-37.143 14.286-51.429 0l-424-424c-14.286-14.286-14.286-37.143 0-51.429l424-424c14.286-14.286 37.143-14.286 51.429 0l94.857 94.857c14.286 14.286 14.286 37.143 0 51.429z"
        ],
        "width": 768,
        "attrs": [],
        "isMulticolor": false,
        "isMulticolor2": false,
        "tags": [
          "chevron-left"
        ],
        "defaultCode": 61523,
        "grid": 14
      },
      "attrs": [],
      "properties": {
        "name": "chevron-left",
        "id": 82,
        "order": 32,
        "prevSize": 28,
        "code": 61523
      },
      "setIdx": 9,
      "setId": 0,
      "iconIdx": 82
    },
    {
      "icon": {
        "paths": [
          "M632.571 501.143l-424 424c-14.286 14.286-37.143 14.286-51.429 0l-94.857-94.857c-14.286-14.286-14.286-37.143 0-51.429l303.429-303.429-303.429-303.429c-14.286-14.286-14.286-37.143 0-51.429l94.857-94.857c14.286-14.286 37.143-14.286 51.429 0l424 424c14.286 14.286 14.286 37.143 0 51.429z"
        ],
        "width": 694.8571428571428,
        "attrs": [],
        "isMulticolor": false,
        "isMulticolor2": false,
        "tags": [
          "chevron-right"
        ],
        "defaultCode": 61524,
        "grid": 14
      },
      "attrs": [],
      "properties": {
        "name": "chevron-right",
        "id": 83,
        "order": 33,
        "prevSize": 28,
        "code": 61524
      },
      "setIdx": 9,
      "setId": 0,
      "iconIdx": 83
    },
    {
      "icon": {
        "paths": [
          "M961.714 760.571l-94.857 94.286c-14.286 14.286-37.143 14.286-51.429 0l-303.429-303.429-303.429 303.429c-14.286 14.286-37.143 14.286-51.429 0l-94.857-94.286c-14.286-14.286-14.286-37.714 0-52l424-423.429c14.286-14.286 37.143-14.286 51.429 0l424 423.429c14.286 14.286 14.286 37.714 0 52z"
        ],
        "width": 1024,
        "attrs": [],
        "isMulticolor": false,
        "isMulticolor2": false,
        "tags": [
          "chevron-up"
        ],
        "defaultCode": 61559,
        "grid": 14
      },
      "attrs": [],
      "properties": {
        "name": "chevron-up",
        "id": 113,
        "order": 34,
        "prevSize": 28,
        "code": 61559
      },
      "setIdx": 9,
      "setId": 0,
      "iconIdx": 113
    },
    {
      "icon": {
        "paths": [
          "M961.714 461.714l-424 423.429c-14.286 14.286-37.143 14.286-51.429 0l-424-423.429c-14.286-14.286-14.286-37.714 0-52l94.857-94.286c14.286-14.286 37.143-14.286 51.429 0l303.429 303.429 303.429-303.429c14.286-14.286 37.143-14.286 51.429 0l94.857 94.286c14.286 14.286 14.286 37.714 0 52z"
        ],
        "width": 1024,
        "attrs": [],
        "isMulticolor": false,
        "isMulticolor2": false,
        "tags": [
          "chevron-down"
        ],
        "defaultCode": 61560,
        "grid": 14
      },
      "attrs": [],
      "properties": {
        "name": "chevron-down",
        "id": 114,
        "order": 35,
        "prevSize": 28,
        "code": 61560
      },
      "setIdx": 9,
      "setId": 0,
      "iconIdx": 114
    }
  ],
  "height": 1024,
  "preferences": {
    "showGlyphs": true,
    "showCodes": true,
    "showQuickUse": true,
    "showQuickUse2": true,
    "showSVGs": true,
    "fontPref": {
      "prefix": "ficon-",
      "metadata": {
        "fontFamily": "icons-brands",
        "majorVersion": 1,
        "minorVersion": 0
      },
      "metrics": {
        "emSize": 1024,
        "baseline": 6.25,
        "whitespace": 50
      },
      "embed": false,
      "showSelector": true,
      "selector": "i",
      "classSelector": ".ficon"
    },
    "imagePref": {
      "prefix": "icon-",
      "png": true,
      "useClassSelector": true,
      "color": 0,
      "bgColor": 16777215,
      "classSelector": ".icon"
    },
    "historySize": 50
  }
}